id_juego,Titulo,Día y hora,Plataforma,Genero,Compañia,Lanzamiento,Idiomas,Calificación PSN,Número de calificaciones,Calificación 5 estrellas,Calificación 4 estrellas,Calificación 3 estrellas,Calificación 2 estrellas,Calificación 1 estrella,Precio original,Oferta,Oferta PSPlus,Otra promo diferente a PSPLUS,País Store
228748,Fortnite,2024-04-02T19:36:24.267701,PS5,"Action, Adventure",Epic Games,7/21/2017,"Arabic, English, French (France), German, Italian, Japanese, Korean, Polish, Portuguese (Brazil), Russian, Spanish, Spanish (Mexico), Turkish",4.32,6759291 ratings,71%,10%,8%,1%,10%,Free,Free,No hay información,No hay otra promoción,USA
10007788,NBA 2K24 Kobe Bryant Edition for PS5™,2024-04-02T19:36:26.020110,PS5,Sport,2K,9/8/2023,"Chinese (Simplified), Chinese (Traditional), English, French (France), German, Italian, Japanese, Korean, Spanish",3.1,24479 ratings,35%,12%,12%,8%,33%,$69.99,$17.49,Included,No hay otra promoción,USA
10008651,MLB® The Show™ 24 PS5®,2024-04-02T19:36:27.907604,"PS4, PS5",Sport,Sony Interactive Entertainment,3/19/2024,English,4.07,727 ratings,67%,8%,5%,3%,17%,$69.99,$69.99,No hay información,No hay otra promoción,USA
10001130,Call of Duty®: Modern Warfare® III - Cross-Gen Bundle,2024-04-02T19:36:29.848384,"PS4, PS5",Action,Activision,11/2/2023,"English, French (France), Portuguese (Brazil), Spanish (Mexico)",4.04,302898 ratings,62%,11%,12%,2%,14%,$69.99,$45.49,No hay información,No hay otra promoción,USA
10006239,Madden NFL 24,2024-04-02T19:36:31.952101,"PS4, PS5",Sport,Electronic Arts Inc,8/18/2023,English,3.18,9970 ratings,37%,13%,12%,8%,30%,$69.99,$69.99,No hay información,Included,USA
10007176,EA SPORTS FC™ 24 Standard Edition PS4 & PS5,2024-04-02T19:36:33.388125,"PS4, PS5",Sport,Electronic Arts Inc,9/29/2023,"English, French (France), Spanish (Mexico)",3.4,63005 ratings,45%,12%,10%,6%,28%,$69.99,$69.99,No hay información,Game Trial,USA
10005844,Dragon's Dogma 2,2024-04-02T19:36:35.071236,PS5,"Action, Role Playing Games","Capcom U.S.A., Inc.",3/22/2024,"Arabic, English, French (France), German, Italian, Japanese, Portuguese (Brazil), Russian, Spanish, Spanish (Mexico)",4.11,14183 ratings,68%,9%,5%,4%,14%,$69.99,$69.99,No hay información,No hay otra promoción,USA
10000657,HELLDIVERS™ 2,2024-04-02T19:36:37.079797,PS5,Action,Sony Interactive Entertainment,2/8/2024,"English, French (France), Portuguese (Brazil), Spanish (Mexico)",4.51,55261 ratings,81%,7%,2%,1%,8%,$39.99,$39.99,No hay información,No hay otra promoción,USA
203897,Tom Clancy's Rainbow Six® Siege Deluxe Edition,2024-04-02T19:36:39.495894,"PS4, PS5","Action, Shooter",Ubisoft Entertainment,3/12/2024,No hay información,4.34,259978 ratings,73%,10%,5%,2%,11%,$39.99,$39.99,No hay información,No hay otra promoción,USA
201930,Grand Theft Auto Online (PlayStation®5),2024-04-02T19:36:41.518495,PS5,"Action, Adventure",Rockstar Games,3/15/2022,"Chinese (Simplified), Chinese (Traditional), English, French (France), German, Italian, Korean, Polish, Portuguese (Brazil), Russian, Spanish, Spanish (Mexico)",4.52,681783 ratings,79%,8%,5%,1%,7%,$19.99,$19.99,No hay información,No hay otra promoción,USA
232352,Apex Legends™ PS5™,2024-04-02T19:36:43.199890,PS5,"Action, Shooter",Electronic Arts Inc,2/8/2022,"Arabic, Chinese (Simplified), Chinese (Traditional), English, French (France), German, Italian, Japanese, Korean, Polish, Portuguese (Brazil), Russian, Spanish",4.13,761713 ratings,65%,12%,8%,2%,13%,Free,Free,No hay información,No hay otra promoción,USA
10005275,Honkai: Star Rail,2024-04-02T19:36:45.413542,PS5,"Adventure, Role Playing Games",COGNOSPHERE PTE. LTD.,10/10/2023,"Chinese (Simplified), Chinese (Traditional), English, French (France), German, Japanese, Korean, Portuguese (Brazil), Russian, Spanish (Mexico)",4.59,15253 ratings,83%,8%,2%,1%,6%,Free,Free,No hay información,No hay otra promoción,USA
10003386,Rise of the Ronin™,2024-04-02T19:36:46.980959,PS5,"Action, Adventure",Sony Interactive Entertainment,3/22/2024,"English, French (France), Japanese, Portuguese (Brazil), Spanish (Mexico)",4.31,6438 ratings,69%,14%,5%,3%,9%,$69.99,$69.99,No hay información,No hay otra promoción,USA
223118,Roblox,2024-04-02T19:36:50.077228,PS4,Unique,ROBLOX Corporation,10/10/2023,"Chinese (Simplified), Chinese (Traditional), English, French (France), German, Italian, Japanese, Korean, Portuguese (Brazil), Spanish",4.24,267827 ratings,68%,9%,11%,1%,10%,Free,Free,No hay información,No hay otra promoción,USA
10007978,WWE 2K24 Cross-Gen Digital Edition,2024-04-02T19:36:52.080524,"PS4, PS5",Sport,2K,3/8/2024,No hay información,4.6,2566 ratings,82%,9%,3%,2%,5%,$69.99,$69.99,No hay información,No hay otra promoción,USA
10008055,SOUTH PARK: SNOW DAY!,2024-04-02T19:36:53.976951,PS5,Action,THQ Nordic,3/26/2024,"English, French (France), German, Japanese, Korean, Polish, Portuguese (Brazil), Spanish, Spanish (Mexico)",3.73,1670 ratings,48%,15%,12%,9%,15%,$29.99,$29.99,No hay información,No hay otra promoción,USA
221852,Destiny 2 PS4™ & PS5™,2024-04-02T19:36:55.944380,"PS4, PS5","Adventure, Shooter, Action",Bungie,12/8/2020,"Chinese (Simplified), Chinese (Traditional), English, French (France), German, Italian, Japanese, Korean, Polish, Portuguese (Brazil), Russian, Spanish, Spanish (Mexico)",4.28,288898 ratings,70%,11%,6%,2%,10%,Free,Free,No hay información,No hay otra promoción,USA
205342,Warframe®,2024-04-02T19:36:57.985806,PS5,"Action, Shooter, Unique",Digital Extremes,11/26/2020,"English, French (France), German, Italian, Spanish",4.34,666201 ratings,67%,15%,9%,2%,7%,Free,Free,No hay información,No hay otra promoción,USA
212779,Minecraft,2024-04-02T19:37:00.220286,PS4,Adventure,Mojang,12/10/2019,"Bulgarian, Chinese (Simplified), Chinese (Traditional), Czech, Danish, Dutch, English, Finnish, French (Canada), German, Greek, Hungarian, Italian, Japanese, Korean, Polish, Portuguese (Brazil), Portuguese (Portugal), Russian, Slovenian, Spanish, Spanish (Mexico), Swedish, Turkish, Ukrainian",4.32,1562931 ratings,72%,9%,7%,1%,11%,$19.99,$19.99,No hay información,No hay otra promoción,USA
10000896,Genshin Impact,2024-04-02T19:37:02.089658,"PS4, PS5","Action, Adventure, Role Playing Games",COGNOSPHERE PTE. LTD.,4/27/2021,"Chinese (Simplified), Chinese (Traditional), English, French (France), German, Italian, Japanese, Korean, Portuguese (Portugal), Russian, Spanish, Thai, Turkish, Vietnamese",4.42,328052 ratings,76%,9%,5%,1%,9%,Free,Free,No hay información,No hay otra promoción,USA
10006891,Stellar Blade™,2024-04-02T19:37:04.140792,PS5,"Action, Adventure",Sony Interactive Entertainment,4/26/2024,No hay información,No hay información,No hay información,No hay información,No hay información,No hay información,No hay información,No hay información,$69.99,$69.99,No hay información,No hay otra promoción,USA
201579,FINAL FANTASY XIV Online - Starter Edition,2024-04-02T19:37:12.063215,"PS4, PS5","Role Playing Games, Role Playing Games",SQUARE ENIX CO. LTD.,4/27/2021,"English, French (France), German, Japanese",4.5,41769 ratings,79%,9%,3%,1%,8%,$19.99,$19.99,No hay información,No hay otra promoción,USA
209441,Red Dead Redemption 2,2024-04-02T19:37:14.407347,PS4,"Action, Adventure, Unique",Rockstar Games,10/26/2018,"Chinese (Simplified), Chinese (Traditional), English, French (France), German, Italian, Korean, Polish, Portuguese (Brazil), Russian, Spanish, Spanish (Mexico)",4.71,232033 ratings,88%,5%,2%,1%,4%,$59.99,$19.79,No hay información,No hay otra promoción,USA
10000956,Gran Turismo® 7,2024-04-02T19:37:16.905965,"PS4, PS5",Driving/Racing,Sony Interactive Entertainment,3/4/2022,"English, French (France), Japanese, Portuguese (Brazil), Spanish (Mexico)",4.35,18350 ratings,71%,13%,5%,2%,9%,$69.99,$39.89,No hay información,No hay otra promoción,USA
10009025,Planet Zoo,2024-04-02T19:37:19.590066,PS5,"Casual, Family, Simulation",Frontier Developments PLC,3/26/2024,"Chinese (Simplified), Chinese (Traditional), Czech, Danish, Dutch, English, French (France), German, Italian, Japanese, Korean, Norwegian, Polish, Portuguese (Brazil), Spanish, Spanish (Mexico), Swedish",4.57,710 ratings,82%,8%,3%,2%,6%,$49.99,$49.99,No hay información,No hay otra promoción,USA
10004911,Mortal Kombat™ 1,2024-04-02T19:37:21.582718,PS5,Fighting,Warner Bros. Interactive,9/19/2023,"English, French (France), German, Italian, Polish, Portuguese (Brazil), Russian, Spanish, Spanish (Mexico)",4.42,20995 ratings,70%,17%,5%,2%,6%,$69.99,$34.99,Game Trial,No hay otra promoción,USA
10003999,FINAL FANTASY VII REBIRTH,2024-04-02T19:37:23.422452,PS5,Role Playing Games,SQUARE ENIX CO. LTD.,2/29/2024,"English, French (France), German, Italian, Japanese, Portuguese (Brazil), Spanish, Spanish (Mexico)",4.75,26607 ratings,90%,3%,2%,1%,4%,$69.99,$69.99,No hay información,No hay otra promoción,USA
204861,The Elder Scrolls Online,2024-04-02T19:37:25.517153,"PS4, PS5","Role Playing Games, Role Playing Games",Bethesda Softworks,6/15/2021,No hay información,4.35,71807 ratings,70%,14%,6%,2%,8%,$19.99,$4.99,No hay información,No hay otra promoción,USA
10002456,Marvel’s Spider-Man 2,2024-04-02T19:37:27.222318,PS5,Action,Sony Interactive Entertainment,10/20/2023,"English, French (France), Portuguese (Brazil), Spanish (Mexico)",4.87,113061 ratings,92%,5%,1%,1%,1%,$69.99,$69.99,Game Trial,No hay otra promoción,USA
10001609,Suicide Squad: Kill the Justice League,2024-04-02T19:37:29.332888,PS5,Shooter,Warner Bros. Interactive,2/2/2024,"Arabic, Chinese (Simplified), Chinese (Traditional), English, French (France), German, Italian, Japanese, Korean, Polish, Portuguese (Brazil), Spanish, Spanish (Mexico)",4.23,9701 ratings,64%,17%,6%,4%,9%,$69.99,$69.99,No hay información,No hay otra promoción,USA
227319,Dead by Daylight PS4® & PS5®,2024-04-02T19:37:31.751508,"PS4, PS5","Horror, Action, Horror",Starbreeze Publishing AB,11/12/2020,No hay información,4.19,102881 ratings,67%,13%,5%,2%,13%,$29.99,$29.99,Included,No hay otra promoción,USA
10000333,ELDEN RING PS4 & PS5,2024-04-02T19:37:33.348765,"PS4, PS5",Role Playing Games,Bandai Namco Entertainment America Inc.,2/25/2022,"English, French (France), Portuguese (Brazil), Spanish",4.72,65789 ratings,89%,4%,1%,1%,5%,$59.99,$59.99,No hay información,No hay otra promoción,USA
228857,The Sims™ 4,2024-04-02T19:37:35.771804,PS4,"Action, Simulation",Electronic Arts Inc,11/17/2017,"Chinese (Traditional), English, French (France), Portuguese (Brazil), Spanish",3.98,88532 ratings,60%,13%,9%,3%,16%,Free,Free,No hay información,No hay otra promoción,USA
10007460,Baldur's Gate 3,2024-04-02T19:37:38.052683,PS5,Role Playing Games,Larian Studios Games Ltd,9/6/2023,"Chinese (Simplified), Chinese (Traditional), English, French (France), German, Italian, Japanese, Polish, Portuguese (Brazil), Russian, Spanish, Spanish (Mexico), Turkish, Ukrainian",4.82,44103 ratings,92%,3%,1%,1%,3%,$69.99,$69.99,Game Trial,No hay otra promoción,USA
10002788,UFC® 5,2024-04-02T19:37:40.233177,PS5,Fighting,Electronic Arts Inc,10/26/2023,"Chinese (Simplified), Chinese (Traditional), English, French (France), German, Italian, Japanese, Korean, Portuguese (Brazil), Spanish, Spanish (Mexico)",3.01,6798 ratings,30%,16%,12%,9%,34%,$69.99,$41.99,No hay información,Game Trial,USA
232447,Hogwarts Legacy PS5 Version,2024-04-02T19:37:42.172476,PS5,Unique,Warner Bros. Interactive,2/10/2023,"Chinese (Simplified), Chinese (Traditional), English, French (France), Japanese, Korean, Portuguese (Brazil), Spanish (Mexico)",4.5,33247 ratings,72%,17%,6%,2%,4%,$69.99,$34.99,Game Trial,No hay otra promoción,USA
10005114,STAR WARS Jedi: Survivor™,2024-04-02T19:37:44.678810,PS5,Action,Electronic Arts Inc,4/28/2023,"Chinese (Simplified), Chinese (Traditional), English, French (France), German, Italian, Japanese, Korean, Polish, Portuguese (Brazil), Spanish, Spanish (Mexico)",4.51,11086 ratings,67%,23%,5%,2%,3%,$69.99,$31.49,No hay información,No hay otra promoción,USA
200763,Call of Duty®: Black Ops III - Zombies Chronicles Edition,2024-04-02T19:37:46.700567,PS4,"Action, Shooter, Shooter",Activision,8/29/2017,No hay información,4.44,362931 ratings,76%,10%,5%,2%,8%,$59.99,$19.79,No hay información,No hay otra promoción,USA
10001988,The Outlast Trials,2024-04-02T19:37:48.850531,"PS4, PS5",Horror,Red Barrels,3/5/2024,"Chinese (Simplified), Chinese (Traditional), English, French (France), German, Italian, Japanese, Korean, Polish, Portuguese (Brazil), Russian, Spanish, Spanish (Mexico), Turkish",4.79,2206 ratings,90%,6%,1%,1%,2%,$39.99,$39.99,No hay información,No hay otra promoción,USA
10002313,The Crew™ Motorfest Standard Edition - Cross-Gen Bundle,2024-04-02T19:37:50.640903,"PS4, PS5",Driving/Racing,Ubisoft Entertainment,9/14/2023,"English, French (France), Portuguese (Brazil), Spanish",4.28,18396 ratings,69%,13%,6%,2%,10%,Free,Free,No hay información,No hay otra promoción,USA
235227,Ghost of Tsushima DIRECTOR’S CUT,2024-04-02T19:37:52.212130,"PS4, PS5",Role Playing Games,Sony Interactive Entertainment,8/20/2021,"English, French (France), Japanese, Portuguese (Brazil), Spanish (Mexico)",4.55,150322 ratings,83%,6%,3%,1%,8%,$69.99,$29.39,No hay información,No hay otra promoción,USA
10006500,NHL® 24 X-Factor Edition PS5™ & PS4™,2024-04-02T19:37:54.468713,"PS4, PS5",Sport,Electronic Arts Inc,10/3/2023,"English, French (France)",2.83,2472 ratings,30%,12%,10%,10%,39%,$99.99,$99.99,No hay información,Game Trial,USA
10006270,TEKKEN 8,2024-04-02T19:37:56.393295,PS5,"Action, Fighting",Bandai Namco Entertainment America Inc.,1/25/2024,"English, French (France), Portuguese (Brazil), Spanish (Mexico)",4.64,7957 ratings,86%,4%,5%,1%,5%,$69.99,$69.99,No hay información,No hay otra promoción,USA
232248,Fallout 76,2024-04-02T19:37:58.104768,PS4,Role Playing Games,Bethesda Softworks,11/14/2018,"English, French (France), Portuguese (Brazil), Spanish",3.59,45365 ratings,51%,12%,7%,6%,24%,$39.99,$39.99,Included,No hay otra promoción,USA
216627,Overwatch 2 – Season 9: Champions,2024-04-02T19:37:59.678678,PS5,"Shooter, Action, Shooter","Blizzard Entertainment, Inc.",10/4/2022,"Chinese (Simplified), Chinese (Traditional), English, French (France), German, Italian, Japanese, Korean, Polish, Portuguese (Brazil), Portuguese (Portugal), Russian, Spanish, Spanish (Mexico), Turkish",4.3,192263 ratings,72%,10%,5%,2%,12%,Free,Free,No hay información,No hay otra promoción,USA
231761,Diablo® IV - Standard Edition,2024-04-02T19:38:01.479650,"PS4, PS5",Unique,"Blizzard Entertainment, Inc.",6/5/2023,No hay información,4.14,7258 ratings,69%,9%,6%,2%,15%,$69.99,$34.99,No hay información,No hay otra promoción,USA
203715,Rocket League®,2024-04-02T19:38:04.052433,PS4,"Sport, Action, Driving/Racing",Psyonix Inc,7/7/2015,"Dutch, English, French (France), German, Italian, Japanese, Korean, Polish, Portuguese (Portugal), Russian, Spanish, Turkish",4.37,1102290 ratings,71%,12%,8%,1%,8%,Free,Free,No hay información,No hay otra promoción,USA
10001555,Persona 3 Reload PS4 & PS5,2024-04-02T19:38:06.207612,"PS4, PS5",Role Playing Games,"SEGA of America, Inc.",2/2/2024,"English, French (France), German, Italian, Polish, Portuguese (Brazil), Russian, Spanish, Turkish",4.91,5306 ratings,96%,2%,1%,0%,1%,$69.99,$52.49,No hay información,No hay otra promoción,USA
10008884,Sea of Thieves,2024-04-02T19:38:08.724565,PS5,Adventure,Microsoft Corporation,4/30/2024,No hay información,No hay información,No hay información,No hay información,No hay información,No hay información,No hay información,No hay información,$39.99,$39.99,No hay información,No hay otra promoción,USA
234567,Cyberpunk 2077,2024-04-02T19:38:17.275657,"PS4, PS5",Unique,CD PROJEKT SA,2/15/2022,No hay información,4.34,98506 ratings,72%,12%,4%,3%,10%,$49.99,$49.99,Game Trial,No hay otra promoción,USA
205366,War Thunder,2024-04-02T19:38:19.261415,PS5,"Simulation, Action, Unique",Gaijin Distribution KFT,11/17/2020,"English, French (France), German, Italian, Spanish",4.16,343041 ratings,62%,15%,11%,3%,10%,Free,Free,No hay información,No hay otra promoción,USA
10001481,Yu-Gi-Oh! MASTER DUEL,2024-04-02T19:38:22.080066,PS5,"Family, Strategy","Konami Digital Entertainment, Inc.",1/19/2022,"Chinese (Simplified), Chinese (Traditional), English, French (France), German, Italian, Japanese, Korean, Portuguese (Brazil), Spanish (Mexico)",4.13,15507 ratings,65%,12%,8%,2%,13%,Free,Free,No hay información,No hay otra promoción,USA
233072,Rust Console Edition,2024-04-02T19:38:24.824466,PS4,"Action, Adventure, Shooter",Double Eleven,5/21/2021,"English, Portuguese (Brazil)",3.66,19653 ratings,58%,7%,5%,4%,26%,$49.99,$49.99,No hay información,No hay otra promoción,USA
10004865,Assassin's Creed® Mirage,2024-04-02T19:38:27.024292,"PS4, PS5","Action, Adventure",Ubisoft Entertainment,10/5/2023,"English, French (France), Portuguese (Brazil), Spanish, Spanish (Mexico)",3.97,15210 ratings,50%,22%,12%,7%,9%,$49.99,$29.99,No hay información,No hay otra promoción,USA
10004836,NBA 2K23 for PS5™,2024-04-02T19:38:29.446943,PS5,Sport,2K,9/9/2022,"Chinese (Simplified), Chinese (Traditional), English, French (France), German, Italian, Japanese, Korean, Spanish",4.02,22377 ratings,64%,10%,7%,3%,17%,$69.99,$69.99,No hay información,No hay otra promoción,USA
10000762,Marvel's Spider-Man Remastered,2024-04-02T19:38:31.260057,PS5,Action,Sony Interactive Entertainment,5/4/2023,"English, French (France), Portuguese (Brazil), Spanish (Mexico)",4.7,207894 ratings,84%,8%,4%,1%,3%,$49.99,$24.99,No hay información,No hay otra promoción,USA
10008286,ARK: Survival Ascended,2024-04-02T19:38:33.719463,PS5,"Adventure, Role Playing Games",WILDCARD PROPERTIES,11/30/2023,"Chinese (Simplified), Danish, Dutch, English, French (France), German, Italian, Japanese, Portuguese (Brazil), Russian, Spanish, Turkish",4.07,8150 ratings,67%,9%,5%,4%,16%,$44.99,$35.99,No hay información,No hay otra promoción,USA
10002065,Alan Wake 2,2024-04-02T19:38:35.441699,PS5,Horror,Epic Games,10/27/2023,"Chinese (Simplified), Chinese (Traditional), English, French (France), German, Italian, Japanese, Korean, Polish, Portuguese (Brazil), Russian, Spanish, Spanish (Mexico), Ukrainian",4.78,18893 ratings,89%,5%,2%,1%,2%,$59.99,$47.99,Game Trial,No hay otra promoción,USA
10006873,THE FINALS,2024-04-02T19:38:37.679459,PS5,Shooter,Embark Studios AB,12/8/2023,"Chinese (Simplified), Chinese (Traditional), English, French (France), German, Japanese, Korean, Portuguese (Brazil), Spanish",4.21,25350 ratings,67%,14%,5%,3%,12%,Free,Free,No hay información,No hay otra promoción,USA
10000248,HITMAN World of Assassination,2024-04-02T19:38:39.626594,"PS4, PS5",Action,IO Interactive A/S,1/26/2023,No hay información,4.35,26326 ratings,72%,11%,8%,1%,9%,$69.99,$27.99,No hay información,No hay otra promoción,USA
217012,DRAGON BALL XENOVERSE 2,2024-04-02T19:38:42.151697,PS4,"Action, Casual, Fighting",Bandai Namco Entertainment America Inc.,4/8/2022,"English, French (France), Portuguese (Brazil), Spanish (Mexico)",3.84,216272 ratings,60%,10%,7%,2%,22%,$19.99,$9.99,Included,No hay otra promoción,USA
10000758,Battlefield™ 2042 PS5,2024-04-02T19:38:44.237997,"PS4, PS5",Shooter,Electronic Arts Inc,11/19/2021,No hay información,3.28,36488 ratings,43%,10%,8%,7%,31%,$69.99,$10.49,No hay información,Included,USA
225700,SKULL AND BONES™,2024-04-02T19:38:46.312533,PS5,"Action, Adventure",Ubisoft Entertainment,2/16/2024,"English, French (France), Polish, Portuguese (Brazil), Spanish",3.08,10641 ratings,35%,12%,10%,10%,32%,Free,Free,No hay información,No hay otra promoción,USA
10008554,STAR WARS™ Battlefront Classic Collection,2024-04-02T19:38:48.086464,"PS4, PS5","Shooter, Shooter","Aspyr Media, Inc.",3/14/2024,"Chinese (Simplified), English, French (France), German, Italian, Russian, Spanish",2.9,5703 ratings,35%,8%,9%,10%,39%,$34.99,$34.99,No hay información,No hay otra promoción,USA
230079,The Last of Us™ Part II Remastered,2024-04-02T19:38:50.456472,PS5,"Action, Adventure",Sony Interactive Entertainment,1/19/2024,"English, French (France), Portuguese (Brazil), Spanish (Mexico)",4.43,173008 ratings,80%,5%,3%,3%,9%,$49.99,$49.99,No hay información,No hay otra promoción,USA
10001850,God of War Ragnarök,2024-04-02T19:38:52.485947,"PS4, PS5",Action,Sony Interactive Entertainment,11/9/2022,"Arabic, Chinese (Simplified), Chinese (Traditional), Croatian, Czech, Dutch, English, French (France), German, Greek, Hungarian, Italian, Japanese, Korean, Polish, Portuguese (Brazil), Portuguese (Portugal), Russian, Spanish (Mexico), Thai, Turkish",4.84,75070 ratings,92%,4%,2%,1%,2%,$69.99,$69.99,Game Trial,No hay otra promoción,USA
201061,Dead Island 2,2024-04-02T19:38:54.368593,"PS4, PS5","Action, Action",Deep Silver,4/21/2023,"Chinese (Simplified), Chinese (Traditional), Czech, English, French (France), German, Italian, Japanese, Korean, Polish, Portuguese (Brazil), Russian, Spanish, Spanish (Mexico)",4.39,6811 ratings,67%,19%,6%,3%,5%,$69.99,$69.99,Game Trial,No hay otra promoción,USA
216932,Brawlhalla,2024-04-02T19:38:56.387059,PS4,"Fighting, Action, Casual",Blue Mammoth Games,10/17/2017,No hay información,4.05,261846 ratings,61%,13%,10%,2%,14%,Free,Free,No hay información,No hay otra promoción,USA
234689,It Takes Two PS4™ & PS5™,2024-04-02T19:38:58.114952,"PS4, PS5",Unique,Electronic Arts Inc,3/26/2021,No hay información,4.41,67197 ratings,75%,9%,7%,1%,8%,$39.99,$9.99,No hay información,Included,USA
235179,Avatar: Frontiers of Pandora™,2024-04-02T19:39:00.549183,PS5,Unique,Ubisoft Entertainment,12/7/2023,"English, French (France), Portuguese (Brazil), Spanish",3.95,5737 ratings,56%,15%,9%,6%,13%,$69.99,$69.99,No hay información,No hay otra promoción,USA
10006164,Red Dead Redemption,2024-04-02T19:39:02.257775,PS4,Action,Rockstar Games,8/17/2023,"Chinese (Simplified), Chinese (Traditional), English, French (France), German, Italian, Korean, Portuguese (Brazil), Portuguese (Portugal), Russian, Spanish, Spanish (Mexico)",4.76,5446 ratings,87%,8%,3%,1%,2%,$49.99,$39.99,No hay información,No hay otra promoción,USA
10004744,NARUTO X BORUTO Ultimate Ninja STORM CONNECTIONS PS4 & PS5,2024-04-02T19:39:04.197235,"PS4, PS5","Action, Fighting, Adventure",Bandai Namco Entertainment America Inc.,11/17/2023,No hay información,3.73,3604 ratings,52%,12%,11%,7%,18%,$59.99,$39.59,No hay información,No hay otra promoción,USA
232796,WORLD OF WARSHIPS: LEGENDS,2024-04-02T19:39:07.232307,PS5,"Action, Action, Shooter",Wargaming Group Ltd,4/26/2021,"Chinese (Simplified), Chinese (Traditional), English, French (France), German, Japanese, Korean, Portuguese (Brazil), Russian, Spanish (Mexico)",4.12,105982 ratings,60%,15%,13%,2%,11%,Free,Free,No hay información,No hay otra promoción,USA
10000453,Guilty Gear -Strive-,2024-04-02T19:39:09.150175,"PS4, PS5",Fighting,ARC SYSTEM WORKS,6/11/2021,"English, Spanish",4.59,4710 ratings,83%,7%,3%,1%,6%,$39.99,$19.99,No hay información,No hay otra promoción,USA
233407,Call of Duty®: Black Ops Cold War - Cross-Gen Bundle PS4® & PS5®,2024-04-02T19:39:11.225651,"PS4, PS5",Shooter,Activision,11/13/2020,No hay información,4.19,212849 ratings,67%,10%,9%,2%,12%,$69.99,$69.99,No hay información,No hay otra promoción,USA
233235,DRAGON BALL Z: KAKAROT,2024-04-02T19:39:13.193536,"PS4, PS5","Action, Adventure, Role Playing Games",Bandai Namco Entertainment America Inc.,1/13/2023,"English, French (France), Portuguese (Brazil), Spanish (Mexico)",4.58,40797 ratings,79%,10%,6%,1%,4%,$59.99,$14.99,Included,No hay otra promoción,USA
10002100,FINAL FANTASY XVI,2024-04-02T19:39:15.429437,PS5,"Action, Role Playing Games",SQUARE ENIX CO. LTD.,6/22/2023,"Arabic, English, French (France), German, Italian, Japanese, Polish, Portuguese (Brazil), Russian, Spanish, Spanish (Mexico)",4.52,21781 ratings,72%,16%,6%,3%,3%,$69.99,$69.99,No hay información,No hay otra promoción,USA
10000237,Assassin's Creed Valhalla,2024-04-02T19:39:17.080018,"PS4, PS5",Role Playing Games,Ubisoft Entertainment,11/12/2020,No hay información,4.17,49332 ratings,65%,13%,7%,4%,11%,$59.99,$59.99,Included,Included,USA
228868,theHunter: Call of the Wild™,2024-04-02T19:39:19.006249,PS4,"Shooter, Sport",Expansive Worlds AB,10/2/2017,"English, French (France), Spanish",4.4,19837 ratings,73%,12%,5%,2%,8%,$29.99,$7.49,No hay información,No hay otra promoción,USA
10002719,The Texas Chain Saw Massacre,2024-04-02T19:39:21.776170,"PS4, PS5",Horror,"GUN MEDIA HOLDINGS, INC",8/18/2023,"English, French (France), German, Italian, Japanese, Spanish",4.41,5076 ratings,70%,16%,6%,2%,6%,$39.99,$39.99,No hay información,No hay otra promoción,USA
221694,FOR HONOR,2024-04-02T19:39:23.527209,PS4,"Action, Fighting",Ubisoft Entertainment,3/14/2024,No hay información,4.06,73525 ratings,63%,13%,6%,3%,15%,$29.99,$29.99,Included,Included,USA
10003285,PGA 2K23 Cross-Gen Edition,2024-04-02T19:39:25.245373,"PS4, PS5",Sport,2K,10/14/2022,"Chinese (Simplified), Chinese (Traditional), English, French (France), German, Italian, Japanese, Korean, Spanish",3.79,2219 ratings,53%,15%,10%,4%,19%,$69.99,$17.49,No hay información,No hay otra promoción,USA
227447,NARUTO TO BORUTO: SHINOBI STRIKER,2024-04-02T19:39:27.604735,PS4,"Action, Action",Bandai Namco Entertainment America Inc.,8/31/2018,No hay información,4.06,94188 ratings,65%,10%,7%,2%,16%,$19.99,$9.99,No hay información,No hay otra promoción,USA
10004462,Like a Dragon: Infinite Wealth PS4 & PS5,2024-04-02T19:39:30.369443,"PS4, PS5",Role Playing Games,"SEGA of America, Inc.",1/26/2024,"Chinese (Simplified), Chinese (Traditional), English, French (France), German, Italian, Japanese, Korean, Portuguese (Brazil), Russian, Spanish",4.84,4540 ratings,92%,4%,2%,1%,2%,$69.99,$52.49,No hay información,No hay otra promoción,USA
10005364,Tower of Fantasy,2024-04-02T19:39:32.617361,PS5,"Action, Role Playing Games",Perfect World Games,8/8/2023,"Chinese (Simplified), Chinese (Traditional), English, French (France), German, Japanese, Korean, Portuguese (Brazil), Russian, Spanish (Mexico)",3.85,7860 ratings,54%,14%,10%,6%,16%,Free,Free,No hay información,No hay otra promoción,USA
10008048,Grounded,2024-04-02T19:39:34.577198,PS5,Adventure,Microsoft Corporation,4/16/2024,No hay información,No hay información,No hay información,No hay información,No hay información,No hay información,No hay información,No hay información,$39.99,$39.99,$31.99,No hay otra promoción,USA
10004473,Resident Evil 4,2024-04-02T19:39:43.145364,"PS4, PS5","Action, Adventure, Horror","Capcom U.S.A., Inc.",3/24/2023,"Arabic, Chinese (Simplified), Chinese (Traditional), English, French (France), German, Italian, Japanese, Korean, Portuguese (Brazil), Russian, Spanish, Spanish (Mexico)",4.8,53277 ratings,89%,5%,4%,0%,2%,$39.99,$39.99,No hay información,No hay otra promoción,USA
10005744,MLB® The Show™ 23 PS5™,2024-04-02T19:39:45.739022,"PS4, PS5",Sport,Sony Interactive Entertainment,3/28/2023,English,4.08,1204 ratings,66%,10%,5%,3%,16%,$29.99,$29.99,Game Trial,No hay otra promoción,USA
232374,Dying Light 2 Stay Human PS4&PS5,2024-04-02T19:39:47.945213,"PS4, PS5",Unique,TECHLAND PUBLISHING,2/4/2022,No hay información,4.14,14988 ratings,63%,14%,7%,4%,11%,$59.99,$29.99,Game Trial,No hay otra promoción,USA
10002780,Unicorn Overlord,2024-04-02T19:39:50.147648,"PS4, PS5",Role Playing Games,"SEGA of America, Inc.",3/8/2024,"English, French (France), German, Italian, Spanish",4.86,3990 ratings,93%,4%,2%,1%,1%,$59.99,$59.99,No hay información,No hay otra promoción,USA
231756,Mortal Kombat 11,2024-04-02T19:39:51.926537,"PS4, PS5",Fighting,Warner Bros. Interactive,11/17/2020,No hay información,4.51,70933 ratings,78%,9%,6%,1%,6%,$49.99,$49.99,Included,No hay otra promoción,USA
10001771,Farming Simulator 22 PS4 & PS5,2024-04-02T19:39:54.494788,"PS4, PS5","Simulation, Simulator",GIANTS Software,11/22/2021,"Chinese (Simplified), Chinese (Traditional), Czech, Danish, Dutch, English, Finnish, French (France), German, Hungarian, Italian, Japanese, Korean, Norwegian, Polish, Portuguese (Brazil), Portuguese (Portugal), Romanian, Russian, Spanish, Spanish (Mexico), Swedish, Turkish",4.25,19171 ratings,70%,10%,6%,2%,11%,$39.99,$39.99,No hay información,No hay otra promoción,USA
216600,No Man's Sky PS4 & PS5,2024-04-02T19:39:56.824373,"PS4, PS5","Action, Adventure, Unique",Hello Games LTD,11/12/2020,No hay información,3.81,85000 ratings,55%,14%,7%,6%,19%,$59.99,$29.99,No hay información,No hay otra promoción,USA
10005283,Alone in the Dark,2024-04-02T19:39:58.907345,PS5,"Adventure, Horror, Puzzle",THQ Nordic,3/20/2024,"Arabic, Chinese (Simplified), Chinese (Traditional), English, French (France), German, Hindi, Italian, Japanese, Korean, Polish, Portuguese (Brazil), Russian, Spanish",4.09,1002 ratings,57%,18%,10%,6%,9%,$59.99,$59.99,No hay información,No hay otra promoción,USA
212581,World of Tanks,2024-04-02T19:40:00.809049,PS5,"Action, Action, Shooter",Wargaming Group Ltd,10/26/2021,"English, French (France), German, Japanese, Polish, Russian, Spanish",4.1,279561 ratings,61%,13%,12%,2%,12%,Free,Free,No hay información,No hay otra promoción,USA
10006098,Banishers: Ghosts of New Eden,2024-04-02T19:40:03.354582,PS5,Adventure,Focus Entertainment,2/13/2024,"Chinese (Simplified), English, French (France), German, Italian, Korean, Polish, Portuguese (Brazil), Russian, Spanish",4.62,1626 ratings,78%,13%,5%,1%,3%,$59.99,$47.99,No hay información,No hay otra promoción,USA
10006052,Lies of P,2024-04-02T19:40:06.545653,"PS4, PS5","Action, Role Playing Games",NEOWIZ,9/19/2023,"Chinese (Simplified), Chinese (Traditional), English, French (France), German, Italian, Japanese, Korean, Polish, Portuguese (Brazil), Russian, Spanish",4.71,11967 ratings,84%,10%,2%,1%,3%,$59.99,$44.99,No hay información,No hay otra promoción,USA
232847,LEGO® Star Wars™: The Skywalker Saga PS4 & PS5,2024-04-02T19:40:09.033606,"PS4, PS5",Action,Warner Bros. Interactive,4/5/2022,"English, French (France), Portuguese (Brazil), Spanish (Mexico)",4.59,8539 ratings,79%,10%,5%,1%,4%,$59.99,$17.99,Game Trial,No hay otra promoción,USA
10002958,Dead Space,2024-04-02T19:40:10.841565,PS5,Horror,Electronic Arts Inc,1/27/2023,"Chinese (Simplified), Chinese (Traditional), English, French (France), German, Italian, Japanese, Korean, Polish, Portuguese (Brazil), Spanish, Spanish (Mexico)",4.81,7280 ratings,88%,9%,2%,1%,1%,$69.99,$27.99,No hay información,Included,USA
10002129,Marvel's Midnight Suns Enhanced Edition,2024-04-02T19:40:13.223383,PS5,Strategy,2K,12/2/2022,"Chinese (Simplified), Chinese (Traditional), English, French (France), German, Italian, Japanese, Korean, Polish, Portuguese (Brazil), Spanish",3.82,3734 ratings,54%,16%,6%,5%,19%,$69.99,$17.49,Included,No hay otra promoción,USA
