id_juego,Titulo,Día y hora,Plataforma,Genero,Compañia,Lanzamiento,Idiomas,Calificación PSN,Número de calificaciones,Calificación 5 estrellas,Calificación 4 estrellas,Calificación 3 estrellas,Calificación 2 estrellas,Calificación 1 estrella,Precio original sin PSN,Precio actual sin PSN,Precio original con PSN,Precio actual con PSN,País Store
10007176,EA SPORTS FC™ 24 Standard Edition PS4版 & PS5版,2024-03-11T11:08:38.700320,"PS4, PS5",スポーツ,エレクトロニック・アーツ（株）,2023/9/28,"中国語 (簡体字), 中国語 (繁体字), 日本語, 英語, 韓国語",3.42,"56,028件の評価",45％,12％,10％,5％,28％,"¥13,000","¥5,200","¥13,000","¥5,200",JAP
228748,Fortnite,2024-03-11T11:08:42.531956,PS5,"アクション, アドベンチャー",EPIC GAMES,2017/7/21,"アラビア語, イタリア語, スペイン語, スペイン語(メキシコ), トルコ語, ドイツ語, フランス語 (フランス), ポルトガル語 (ブラジル), ポーランド語, ロシア語, 日本語, 英語, 韓国語",4.32,"6,709,497件の評価",71％,10％,8％,1％,10％,無料,無料,無料,無料,JAP
10000657,HELLDIVERS™ 2,2024-03-11T11:08:45.754114,PS5,アクション,ソニー・インタラクティブエンタテインメント,2024/2/8,"日本語, 英語",4.47,"41,403件の評価",80％,7％,2％,2％,9％,"¥4,480","¥4,480","¥4,480","¥4,480",JAP
10007978,『WWE 2K24』両世代機対応デジタル エディション,2024-03-11T11:08:49.297345,"PS4, PS5",スポーツ,Take-Two,2024/3/7,No hay información,4.72,"1,192件の評価",87％,6％,3％,1％,3％,"¥8,800","¥8,800","¥8,800","¥8,800",JAP
10001130,Call of Duty®: Modern Warfare® III - クロスジェンバンドル,2024-03-11T11:08:53.255885,"PS4, PS5",アクション,"Activision Publishing, Inc.",2023/11/2,No hay información,4.04,"291,463件の評価",62％,11％,11％,2％,14％,"¥9,800","¥9,800","¥9,800","¥9,800",JAP
10007788,PS5™版『NBA 2K24』コービー・ブライアント エディション (通常版),2024-03-11T11:08:57.179688,PS5,スポーツ,Take-Two,2023/9/7,"イタリア語, スペイン語, ドイツ語, フランス語 (フランス), 中国語 (簡体字), 中国語 (繁体字), 日本語, 英語, 韓国語",3.17,"19,179件の評価",36％,14％,12％,8％,31％,"¥8,800","¥8,800","¥8,800","¥8,800",JAP
201930,GTAオンライン (PlayStation®5),2024-03-11T11:09:00.845433,PS5,"アクション, アドベンチャー",Take-Two Interactive Japan GK,2022/3/14,"日本語, 英語",4.52,"677,561件の評価",79％,8％,5％,1％,7％,"¥2,475","¥2,475","¥2,475","¥2,475",JAP
10003999,FINAL FANTASY VII REBIRTH,2024-03-11T11:09:04.098467,PS5,RPG,(株)スクウェア・エニックス,2024/2/28,"イタリア語, スペイン語, スペイン語(メキシコ), ドイツ語, フランス語 (フランス), ポルトガル語 (ブラジル), 日本語, 英語",4.8,"18,969件の評価",93％,2％,2％,1％,3％,"¥9,878","¥9,878","¥9,878","¥9,878",JAP
10002427,eFootball™ 2024,2024-03-11T11:09:08.373071,PS5,スポーツ,(株)コナミデジタルエンタテインメント,2021/9/30,"日本語, 英語",3.75,"267,491件の評価",53％,12％,12％,3％,20％,無料,無料,無料,無料,JAP
203715,ロケットリーグ®,2024-03-11T11:09:11.489749,PS4,"スポーツ, アクション, ドライビング／レース",Psyonix LLC,2020/9/23,"イタリア語, オランダ語, スペイン語, トルコ語, ドイツ語, フランス語 (フランス), ポルトガル語 (ポルトガル), ポーランド語, ロシア語, 日本語, 英語, 韓国語",4.37,"1,094,270件の評価",71％,12％,8％,1％,8％,無料,無料,無料,無料,JAP
10005844,Dragon's Dogma 2,2024-03-11T11:09:14.332523,PS5,"アクション, RPG",(株)カプコン,2024/3/21,No hay información,No hay información,No hay información,No hay información,No hay información,No hay información,No hay información,No hay información,"¥8,990","¥8,990","¥8,990","¥8,990",JAP
10002788,UFC™ 5,2024-03-11T11:09:29.543054,PS5,格闘,エレクトロニック・アーツ（株）,2023/10/26,"イタリア語, スペイン語, スペイン語(メキシコ), ドイツ語, フランス語 (フランス), ポルトガル語 (ブラジル), 中国語 (簡体字), 中国語 (繁体字), 日本語, 英語, 韓国語",3,"6,220件の評価",30％,16％,11％,9％,34％,"¥13,000","¥7,800","¥13,000","¥7,800",JAP
10007412,Taxi Life: A City Driving Simulator,2024-03-11T11:09:33.037672,PS5,"ドライビング／レース, シミュレーション",NACON SA,2024/3/7,"アラビア語, イタリア語, オランダ語, スペイン語, ドイツ語, フランス語 (フランス), ポルトガル語 (ブラジル), ポーランド語, ロシア語, 中国語 (簡体字), 中国語 (繁体字), 日本語, 英語, 韓国語",2.82,452件の評価,25％,13％,14％,15％,33％,"¥5,830","¥5,830","¥5,830","¥5,830",JAP
10000333,ELDEN RING PS4 & PS5,2024-03-11T11:09:36.945742,"PS4, PS5",RPG,(株)フロム・ソフトウェア,2022/2/24,日本語,4.72,"62,849件の評価",89％,4％,1％,1％,5％,"¥9,240","¥9,240","¥9,240","¥9,240",JAP
10000956,グランツーリスモ７,2024-03-11T11:09:41.060841,"PS4, PS5",ドライビング／レース,株式会社ソニー・インタラクティブエンタテインメント,2022/3/3,"日本語, 英語",4.35,"17,448件の評価",71％,13％,5％,2％,9％,"¥10,890","¥7,514","¥10,890","¥7,514",JAP
10002456,Marvel’s Spider-Man 2,2024-03-11T11:09:44.777548,PS5,アクション,ソニー・インタラクティブエンタテインメント,2023/10/19,"日本語, 英語",4.88,"109,170件の評価",93％,4％,1％,1％,1％,"¥8,980","¥8,980","¥8,980","¥8,980",JAP
10004473,BIOHAZARD RE:4 PS4 & PS5,2024-03-11T11:09:48.393880,"PS4, PS5","アクション, アドベンチャー, ホラー",(株)カプコン,2023/3/23,"アラビア語, イタリア語, スペイン語, スペイン語(メキシコ), ドイツ語, フランス語 (フランス), ポルトガル語 (ブラジル), ロシア語, 中国語 (簡体字), 中国語 (繁体字), 日本語, 英語, 韓国語",4.8,"51,084件の評価",89％,5％,4％,0％,2％,"¥4,990","¥4,990","¥4,990","¥4,990",JAP
10001988,The Outlast Trials,2024-03-11T11:09:51.842258,No hay información,ホラー,RED BARRELS INC.,No hay información,No hay información,No hay información,No hay información,No hay información,No hay información,No hay información,No hay información,No hay información,発表されました,発表されました,発表されました,発表されました,JAP
221852,Destiny 2 PS4™ & PS5™,2024-03-11T11:09:56.554414,"PS4, PS5","アドベンチャー, シューティング, アクション",BUNGIE INC.,2020/12/8,"イタリア語, スペイン語, スペイン語(メキシコ), ドイツ語, フランス語 (フランス), ポルトガル語 (ブラジル), ポーランド語, ロシア語, 中国語 (簡体字), 中国語 (繁体字), 日本語, 英語, 韓国語",4.28,"287,422件の評価",70％,11％,6％,2％,10％,無料,無料,無料,無料,JAP
233235,ドラゴンボールZ KAKAROT PS4&PS5,2024-03-11T11:10:01.334225,"PS4, PS5","アクション, アドベンチャー, RPG",株式会社バンダイナムコエンターテインメント,2023/1/11,日本語,4.58,"39,036件の評価",79％,10％,6％,1％,4％,"¥4,400","¥4,400","¥4,400","¥4,400",JAP
212779,Minecraft,2024-03-11T11:10:05.518470,PS4,アドベンチャー,Mojang AB/日本マイクロソフト,2019/12/9,"イタリア語, ウクライナ語, オランダ語, ギリシャ語, スウェーデン語, スペイン語, スペイン語(メキシコ), スロベニア語, チェコ語, デンマーク語, トルコ語, ドイツ語, ノルウェー語, ハンガリー語, フィンランド語, フランス語 (カナダ), フランス語 (フランス), ブルガリア語, ポルトガル語 (ブラジル), ポルトガル語 (ポルトガル), ポーランド語, ロシア語, 中国語 (簡体字), 中国語 (繁体字), 日本語, 英語, 韓国語",4.32,"1,557,933件の評価",72％,9％,7％,1％,10％,"¥2,640","¥2,640","¥2,640","¥2,640",JAP
10004865,アサシン クリード ミラージュ,2024-03-11T11:10:09.452962,"PS4, PS5","アクション, アドベンチャー",ユービーアイソフト(株),2023/10/4,"中国語 (簡体字), 中国語 (繁体字), 日本語, 英語, 韓国語",3.99,"14,448件の評価",50％,22％,12％,7％,9％,"¥14,350","¥5,740","¥14,350","¥5,740",JAP
10008790,Expeditions: A MudRunner Game (PS4 & PS5),2024-03-11T11:10:12.576767,"PS4, PS5","シミュレーション, アドベンチャー",Focus Entertainment,2024/3/5,"イタリア語, スペイン語, チェコ語, ドイツ語, フランス語 (フランス), ポルトガル語 (ブラジル), ポーランド語, ロシア語, 中国語 (簡体字), 中国語 (繁体字), 日本語, 英語, 韓国語",3.55,433件の評価,44％,16％,11％,10％,19％,"¥6,600","¥6,600","¥6,600","¥6,600",JAP
223118,Roblox,2024-03-11T11:10:15.786587,PS4,その他,Roblox合同会社,2023/10/10,"イタリア語, スペイン語, ドイツ語, フランス語 (フランス), ポルトガル語 (ブラジル), 中国語 (簡体字), 中国語 (繁体字), 日本語, 英語, 韓国語",4.25,"252,109件の評価",69％,9％,10％,1％,10％,無料,無料,無料,無料,JAP
10000896,原神-海灯祭,2024-03-11T11:10:20.146989,"PS4, PS5","アクション, アドベンチャー, RPG",COGNOSPHERE PTE. LTD.,2021/4/27,"イタリア語, スペイン語, タイ語, トルコ語, ドイツ語, フランス語 (フランス), ベトナム語, ポルトガル語 (ポルトガル), ロシア語, 中国語 (簡体字), 中国語 (繁体字), 日本語, 英語, 韓国語",4.42,"323,722件の評価",76％,9％,5％,1％,9％,無料,無料,無料,無料,JAP
228857,The Sims™ 4,2024-03-11T11:10:24.607561,PS4,"アクション, シミュレーション",エレクトロニック・アーツ（株）,2017/11/16,No hay información,3.98,"87,276件の評価",60％,13％,9％,3％,16％,無料,無料,無料,無料,JAP
10005114,STAR WARS ジェダイ：サバイバー™,2024-03-11T11:10:28.106393,PS5,アクション,エレクトロニック・アーツ（株）,2023/4/28,"イタリア語, スペイン語, スペイン語(メキシコ), ドイツ語, フランス語 (フランス), ポルトガル語 (ブラジル), ポーランド語, 中国語 (簡体字), 中国語 (繁体字), 日本語, 英語, 韓国語",4.51,"10,290件の評価",67％,23％,5％,2％,3％,"¥9,700","¥4,365","¥9,700","¥4,365",JAP
10007460,バルダーズ・ゲート3,2024-03-11T11:10:31.610638,PS5,RPG,株式会社スパイク・チュンソフト,2023/12/20,"日本語, 英語",4.82,"42,190件の評価",92％,3％,1％,1％,3％,"¥8,580","¥8,580","¥8,580","¥8,580",JAP
10000237,アサシン クリード ヴァルハラ PS4 & PS5,2024-03-11T11:10:35.523205,"PS4, PS5",RPG,ユービーアイソフト(株),2020/11/11,"中国語 (簡体字), 中国語 (繁体字), 日本語, 英語, 韓国語",4.18,"47,842件の評価",66％,12％,7％,4％,11％,"¥9,240",含まれます,"¥9,240",含まれます,JAP
203897,『レインボーシックス シージ』デラックスエディション,2024-03-11T11:10:38.881064,"PS4, PS5","アクション, シューティング",ユービーアイソフト(株),2023/3/7,No hay información,4.34,"258,546件の評価",73％,10％,5％,2％,11％,"¥3,960","¥3,960","¥3,960","¥3,960",JAP
232352,エーペックスレジェンズ‎ PS5™,2024-03-11T11:10:42.347498,PS5,"アクション, シューティング",エレクトロニック・アーツ（株）,2022/2/8,"アラビア語, イタリア語, スペイン語, ドイツ語, フランス語 (フランス), ポルトガル語 (ブラジル), ポーランド語, ロシア語, 中国語 (簡体字), 中国語 (繁体字), 日本語, 英語, 韓国語",4.13,"758,676件の評価",65％,12％,8％,2％,13％,無料,無料,無料,無料,JAP
10008884,Sea of Thieves,2024-03-11T11:10:45.075120,PS5,アドベンチャー,Microsoft Corporation,2024/4/30,No hay información,No hay información,No hay información,No hay información,No hay información,No hay información,No hay información,No hay información,"¥4,290","¥4,290","¥4,290","¥4,290",JAP
10006270,鉄拳8,2024-03-11T11:10:48.480089,PS5,"アクション, 格闘",株式会社バンダイナムコエンターテインメント,2024/1/25,"日本語, 英語",4.65,"7,517件の評価",86％,4％,5％,1％,5％,"¥9,680","¥9,680","¥9,680","¥9,680",JAP
10002780,ユニコーンオーバーロード PS4&PS5,2024-03-11T11:10:52.211401,"PS4, PS5",RPG,（株）アトラス,2024/3/7,日本語,4.84,"2,155件の評価",92％,4％,2％,1％,2％,"¥8,778","¥8,778","¥8,778","¥8,778",JAP
10003386,Rise of the Ronin™,2024-03-11T11:10:56.242960,PS5,"アクション, アドベンチャー",ソニー・インタラクティブエンタテインメント,2024/3/21,No hay información,No hay información,No hay información,No hay información,No hay información,No hay información,No hay información,No hay información,"¥8,980","¥8,980","¥8,980","¥8,980",JAP
10002313,ザ・クルー：モーターフェス スタンダードエディション - Cross-Genバンドル,2024-03-11T11:10:59.761440,"PS4, PS5",ドライビング／レース,ユービーアイソフト(株),2023/9/11,"中国語 (簡体字), 中国語 (繁体字), 日本語, 英語, 韓国語",4.29,"16,525件の評価",69％,13％,6％,2％,10％,無料,無料,無料,無料,JAP
209441,レッド・デッド・リデンプション2,2024-03-11T11:11:03.176205,PS4,"アクション, アドベンチャー, その他",Rockstar Games,2018/10/25,No hay información,4.7,"228,309件の評価",88％,5％,2％,1％,4％,"¥6,555","¥6,555","¥6,555","¥6,555",JAP
10001609,スーサイド・スクワッド キル・ザ・ジャスティス・リーグ,2024-03-11T11:11:07.486905,PS5,シューティング,ワーナー ブラザース ジャパン合同会社,2024/2/1,"アラビア語, イタリア語, スペイン語, スペイン語(メキシコ), ドイツ語, フランス語 (フランス), ポルトガル語 (ブラジル), ポーランド語, 中国語 (簡体字), 中国語 (繁体字), 日本語, 英語, 韓国語",4.31,"8,786件の評価",66％,17％,6％,4％,8％,"¥14,278","¥8,566","¥14,278","¥8,566",JAP
217012,ドラゴンボール ゼノバース2 Welcome Price!!,2024-03-11T11:11:12.230944,PS4,"アクション, カジュアル, 格闘",株式会社バンダイナムコエンターテインメント,2016/11/1,No hay información,3.84,"214,936件の評価",60％,10％,7％,2％,22％,"¥2,970","¥1,960","¥2,970",含まれます,JAP
230079,The Last of Us™ Part II Remastered,2024-03-11T11:11:19.364050,PS5,"アクション, アドベンチャー",ソニー・インタラクティブエンタテインメント,2024/1/18,"日本語, 英語",4.43,"170,826件の評価",80％,5％,3％,3％,9％,"¥5,480","¥5,480","¥5,480","¥5,480",JAP
205366,War Thunder,2024-03-11T11:11:25.190738,PS5,"シミュレーション, アクション, その他",EXNOA LLC,2020/11/16,日本語,4.16,"341,942件の評価",62％,15％,11％,3％,10％,無料,無料,無料,無料,JAP
235235,BIOHAZARD VILLAGE Z Version PS4 & PS5,2024-03-11T11:11:29.070054,"PS4, PS5","アクション, ホラー",(株)カプコン,2021/5/7,"アラビア語, イタリア語, スペイン語, スペイン語(メキシコ), ドイツ語, フランス語 (フランス), ポルトガル語 (ブラジル), ロシア語, 日本語, 英語",4.72,"22,493件の評価",84％,9％,4％,1％,2％,"¥4,990","¥1,996","¥4,990","¥1,996",JAP
10008874,F1® 24 チャンピオンエディション + 期間限定ボーナス,2024-03-11T11:11:32.655417,"PS4, PS5",ドライビング／レース,エレクトロニック・アーツ（株）,2024/5/28,No hay información,No hay información,No hay información,No hay información,No hay información,No hay información,No hay información,No hay información,"¥12,980","¥11,682","¥12,980","¥11,682",JAP
10004911,No hay información,2024-03-11T11:11:35.925510,No hay información,No hay información,No hay información,No hay información,No hay información,No hay información,No hay información,No hay información,No hay información,No hay información,No hay información,No hay información,No hay información,No hay información,No hay información,No hay información,JAP
225700,スカル アンド ボーンズ,2024-03-11T11:11:39.389066,PS5,"アクション, アドベンチャー",ユービーアイソフト(株),2024/2/15,"中国語 (簡体字), 中国語 (繁体字), 日本語, 英語, 韓国語",3.14,"9,244件の評価",37％,13％,10％,10％,31％,無料,無料,無料,無料,JAP
227319,Dead by Daylight,2024-03-11T11:11:44.640484,"PS4, PS5","ホラー, アクション, ホラー",STARBREEZE PUBLISHING AB,2020/11/11,No hay información,4.19,"102,034件の評価",67％,13％,5％,2％,13％,"¥3,080",含まれます,"¥3,080",含まれます,JAP
10008286,ARK: Survival Ascended,2024-03-11T11:11:48.130455,PS5,"アドベンチャー, RPG",株式会社スパイク・チュンソフト,2024/1/29,"イタリア語, スペイン語, ドイツ語, フランス語 (フランス), 中国語 (簡体字), 中国語 (繁体字), 日本語, 英語, 韓国語",4.1,"7,413件の評価",68％,9％,4％,3％,16％,"¥6,380","¥6,380","¥6,380","¥6,380",JAP
10008554,No hay información,2024-03-11T11:11:51.165010,No hay información,No hay información,No hay información,No hay información,No hay información,No hay información,No hay información,No hay información,No hay información,No hay información,No hay información,No hay información,No hay información,No hay información,No hay información,No hay información,JAP
234567,サイバーパンク2077,2024-03-11T11:11:55.412533,"PS4, PS5",RPG,CD PROJEKT S.A.,2022/2/15,"日本語, 英語",4.33,"95,870件の評価",72％,12％,4％,3％,10％,"¥7,370","¥7,370","¥7,370","¥7,370",JAP
233072,Rust Console Edition,2024-03-11T11:11:59.419722,PS4,"アクション, アドベンチャー, シューティング",Double Eleven Ltd,2021/6/23,"イタリア語, オランダ語, スウェーデン語, スペイン語, ドイツ語, フランス語 (フランス), ポルトガル語 (ブラジル), ロシア語, 中国語 (簡体字), 中国語 (繁体字), 日本語, 英語, 韓国語",3.66,"19,363件の評価",58％,7％,5％,4％,26％,"¥6,050","¥6,050","¥6,050","¥6,050",JAP
200763,コール オブ デューティ ブラックオプス III ダウンロード通常版,2024-03-11T11:12:02.527196,PS4,"アクション, シューティング, シューティング","Activision Publishing, Inc.",2015/11/5,No hay información,4.44,"362,371件の評価",76％,10％,5％,2％,8％,購入できません,購入できません,購入できません,購入できません,JAP
10005275,崩壊：スターレイル,2024-03-11T11:12:05.652223,PS5,"アドベンチャー, RPG",COGNOSPHERE PTE. LTD.,2023/10/10,"スペイン語(メキシコ), ドイツ語, フランス語 (フランス), ポルトガル語 (ブラジル), ロシア語, 中国語 (簡体字), 中国語 (繁体字), 日本語, 英語, 韓国語",4.58,"13,788件の評価",82％,8％,2％,1％,7％,無料,無料,無料,無料,JAP
10001771,ファーミングシミュレーター 22 PS4 & PS5,2024-03-11T11:12:09.337657,"PS4, PS5","シミュレーション, シミュレーター",株式会社バンダイナムコエンターテインメント,2021/11/24,"イタリア語, オランダ語, スウェーデン語, スペイン語, スペイン語(メキシコ), チェコ語, デンマーク語, トルコ語, ドイツ語, ノルウェー語, ハンガリー語, フィンランド語, フランス語 (カナダ), フランス語 (フランス), ポルトガル語 (ブラジル), ポルトガル語 (ポルトガル), ポーランド語, ルーマニア語, ロシア語, 中国語 (簡体字), 中国語 (繁体字), 日本語, 英語, 韓国語",4.25,"18,816件の評価",70％,10％,6％,2％,11％,"¥6,490","¥4,867","¥6,490","¥4,867",JAP
200472,バットマン：アーカム・ナイト スペシャル・エディション,2024-03-11T11:12:13.528644,PS4,アクション,ワーナー ブラザース ジャパン合同会社,2016/3/9,No hay información,4.62,"113,725件の評価",80％,11％,4％,1％,4％,"¥3,828",含まれます,"¥3,828",含まれます,JAP
10002694,The Last of Us™ Part I,2024-03-11T11:12:16.684673,PS5,アクション,ソニー・インタラクティブエンタテインメント,2022/9/1,"日本語, 英語",4.92,"13,568件の評価",96％,3％,1％,0％,1％,"¥8,690","¥5,387","¥8,690","¥5,387",JAP
205342,Warframe®,2024-03-11T11:12:20.414739,PS5,"アクション, シューティング, その他",Digital Extremes Ltd.,2020/11/26,"イタリア語, スペイン語, ドイツ語, フランス語 (フランス), 日本語, 英語",4.34,"665,436件の評価",67％,15％,9％,2％,7％,無料,無料,無料,無料,JAP
233961,ファークライ6 PS4 & PS5,2024-03-11T11:12:24.236432,"PS4, PS5",その他,ユービーアイソフト(株),2021/10/6,"スペイン語(メキシコ), タイ語, 中国語 (簡体字), 中国語 (繁体字), 日本語, 英語, 韓国語",4.05,"43,241件の評価",60％,13％,9％,3％,13％,"¥9,240",含まれます,"¥9,240",含まれます,JAP
10000886,Horizon Forbidden West™,2024-03-11T11:12:29.136220,"PS4, PS5",アクション,ソニー・インタラクティブエンタテインメント,2022/2/17,"アラビア語, イタリア語, オランダ語, ギリシャ語, スウェーデン語, スペイン語, スペイン語(メキシコ), タイ語, チェコ語, デンマーク語, トルコ語, ドイツ語, ノルウェー語, ハンガリー語, フィンランド語, フランス語 (フランス), ポルトガル語 (ブラジル), ポルトガル語 (ポルトガル), ポーランド語, ロシア語, 中国語 (簡体字), 中国語 (繁体字), 日本語, 英語, 韓国語",4.64,"33,044件の評価",80％,11％,5％,1％,3％,"¥6,980",含まれます,"¥6,980",含まれます,JAP
232447,『ホグワーツ・レガシー』PS5版,2024-03-11T11:12:32.437791,PS5,その他,ワーナー ブラザース ジャパン合同会社,2023/2/9,"スペイン語(メキシコ), フランス語 (フランス), ポルトガル語 (ブラジル), 中国語 (簡体字), 中国語 (繁体字), 日本語, 英語, 韓国語",4.5,"31,771件の評価",72％,16％,6％,2％,4％,"¥9,878","¥9,878","¥9,878","¥9,878",JAP
232796,WORLD OF WARSHIPS: LEGENDS,2024-03-11T11:12:36.845264,PS5,"アクション, アクション, シューティング",Wargaming Group Ltd,2021/4/26,"スペイン語(メキシコ), ドイツ語, フランス語 (フランス), ポルトガル語 (ブラジル), ロシア語, 中国語 (簡体字), 中国語 (繁体字), 日本語, 英語, 韓国語",4.12,"105,443件の評価",60％,15％,13％,2％,11％,無料,無料,無料,無料,JAP
229601,アサシン クリード オデッセイ,2024-03-11T11:12:40.414329,PS4,"アクション, アドベンチャー, RPG",ユービーアイソフト(株),2018/10/4,No hay información,4.54,"66,628件の評価",77％,12％,4％,2％,5％,"¥9,240",含まれます,"¥9,240",含まれます,JAP
234959,スノーランナー,2024-03-11T11:12:45.190841,PS5,"アーケード, ドライビング／レース, シミュレーション",株式会社オーイズミ・アミュージオ,2022/7/27,"イタリア語, スペイン語, チェコ語, ドイツ語, フランス語 (フランス), ポルトガル語 (ブラジル), ポーランド語, ロシア語, 中国語 (簡体字), 中国語 (繁体字), 英語, 韓国語",4.24,"20,343件の評価",70％,11％,5％,3％,12％,"¥4,980","¥4,980","¥4,980","¥4,980",JAP
234689,It Takes Two PS4™ & PS5™,2024-03-11T11:12:49.506727,"PS4, PS5",その他,エレクトロニック・アーツ（株）,2021/3/25,No hay información,4.41,"66,082件の評価",74％,9％,7％,1％,8％,"¥4,300",含まれます,"¥4,300",含まれます,JAP
10001850,ゴッド・オブ・ウォー ラグナロク,2024-03-11T11:12:53.001153,"PS4, PS5",アクション,ソニー・インタラクティブエンタテインメント,2022/11/8,"アラビア語, イタリア語, オランダ語, ギリシャ語, クロアチア語, スペイン語(メキシコ), タイ語, チェコ語, トルコ語, ドイツ語, ハンガリー語, フランス語 (フランス), ポルトガル語 (ブラジル), ポルトガル語 (ポルトガル), ポーランド語, ロシア語, 中国語 (簡体字), 中国語 (繁体字), 日本語, 英語, 韓国語",4.85,"73,244件の評価",92％,4％,2％,1％,2％,"¥8,690","¥8,690","¥8,690","¥8,690",JAP
10008579,S.T.A.L.K.E.R.: Call of Prypiat,2024-03-11T11:12:56.198945,PS4,アクション,GSC Game World Global LTD,2024/3/6,"イタリア語, ウクライナ語, スペイン語, チェコ語, ドイツ語, フランス語 (フランス), ポーランド語, ロシア語, 中国語 (簡体字), 中国語 (繁体字), 日本語, 英語, 韓国語",4.61,406件の評価,88％,1％,1％,1％,8％,"¥2,860","¥2,860","¥2,860","¥2,860",JAP
222022,鉄拳7 Welcome Price!!,2024-03-11T11:12:59.871250,PS4,"格闘, アクション",株式会社バンダイナムコエンターテインメント,2018/9/5,日本語,4.4,"34,151件の評価",73％,11％,6％,2％,8％,"¥4,400","¥4,400","¥4,400","¥4,400",JAP
205354,アンチャーテッド トレジャーハンターコレクション,2024-03-11T11:13:03.548040,PS5,"アクション, アドベンチャー",ソニー・インタラクティブエンタテインメント,2022/1/27,"日本語, 英語",4.74,"179,904件の評価",86％,8％,3％,1％,3％,"¥5,390","¥2,156","¥5,390",含まれます,JAP
10001615,Street Fighter 6,2024-03-11T11:13:07.239796,"PS4, PS5",格闘,(株)カプコン,2023/6/1,"アラビア語, イタリア語, スペイン語, スペイン語(メキシコ), ドイツ語, フランス語 (フランス), ポルトガル語 (ブラジル), ポーランド語, ロシア語, 中国語 (簡体字), 中国語 (繁体字), 日本語, 英語, 韓国語",4.45,"8,740件の評価",72％,12％,10％,1％,5％,"¥7,990","¥5,273","¥7,990","¥5,273",JAP
233069,BIOHAZARD RE:3,2024-03-11T11:13:10.798545,"PS4, PS5","アクション, アドベンチャー",(株)カプコン,2022/6/13,"アラビア語, イタリア語, スペイン語, スペイン語(メキシコ), タイ語, ドイツ語, フランス語 (フランス), ポルトガル語 (ブラジル), ポーランド語, ロシア語, 日本語, 英語",4.44,"44,131件の評価",70％,14％,9％,2％,4％,"¥3,990",¥997,"¥3,990",¥997,JAP
10001269,Need for Speed™ Unbound Palace Edition,2024-03-11T11:13:14.590639,PS5,ドライビング／レース,エレクトロニック・アーツ（株）,2022/12/2,"アラビア語, イタリア語, スペイン語, ドイツ語, フランス語 (フランス), ポルトガル語 (ブラジル), ポーランド語, 中国語 (簡体字), 中国語 (繁体字), 日本語, 英語, 韓国語",2.95,"8,263件の評価",26％,16％,15％,11％,31％,"¥10,700","¥9,630","¥10,700","¥9,630",JAP
233032,Black Desert: Traveler Edition,2024-03-11T11:13:18.511473,PS4,"RPG, RPG",Pearl Abyss,2023/5/17,"スペイン語, ドイツ語, フランス語 (フランス), ロシア語, 中国語 (簡体字), 中国語 (繁体字), 日本語, 英語, 韓国語",3.83,"12,866件の評価",59％,10％,6％,4％,21％,"¥3,278","¥3,278","¥3,278","¥3,278",JAP
216759,ウォッチドッグス2,2024-03-11T11:13:23.685447,PS4,"アドベンチャー, アクション, アドベンチャー",ユービーアイソフト(株),2018/4/4,No hay información,4.38,"156,625件の評価",73％,10％,7％,1％,9％,"¥3,740",¥561,"¥3,740",¥561,JAP
10006008,F1® 23,2024-03-11T11:13:28.259644,"PS4, PS5",ドライビング／レース,エレクトロニック・アーツ（株）,2023/6/15,"アラビア語, イタリア語, オランダ語, スペイン語, スペイン語(メキシコ), ドイツ語, フランス語 (フランス), ポルトガル語 (ブラジル), ポーランド語, 中国語 (簡体字), 日本語, 英語",4.13,"6,485件の評価",64％,14％,6％,2％,14％,"¥9,700",含まれます,"¥9,700",含まれます,JAP
10008568,No hay información,2024-03-11T11:13:31.750951,No hay información,No hay información,No hay información,No hay información,No hay información,No hay información,No hay información,No hay información,No hay información,No hay información,No hay información,No hay información,No hay información,No hay información,No hay información,No hay información,JAP
228785,モンスターハンター：ワールド,2024-03-11T11:13:35.533882,PS4,アクション,(株)カプコン,2018/1/25,"イタリア語, スペイン語, スペイン語(メキシコ), ドイツ語, フランス語 (フランス), 日本語, 英語",4.72,"109,206件の評価",87％,5％,2％,1％,4％,"¥1,990",¥995,"¥1,990",¥995,JAP
216627,「オーバーウォッチ 2」シーズン9：チャンピオンズ,2024-03-11T11:13:40.542682,PS5,"シューティング, アクション, シューティング",BLIZZARD ENTERTAINMENT INC,2022/10/4,"イタリア語, スペイン語, スペイン語(メキシコ), トルコ語, ドイツ語, フランス語 (フランス), ポルトガル語 (ブラジル), ポルトガル語 (ポルトガル), ポーランド語, ロシア語, 中国語 (簡体字), 中国語 (繁体字), 日本語, 英語, 韓国語",4.3,"190,710件の評価",73％,10％,5％,2％,11％,無料,無料,無料,無料,JAP
228618,GOD OF WAR®III Remastered PlayStation®Hits,2024-03-11T11:13:43.615811,PS4,"アクション, アドベンチャー",ソニー・インタラクティブエンタテインメント,2019/6/26,"日本語, 英語",4.69,"75,968件の評価",84％,9％,3％,1％,3％,"¥2,189","¥1,094","¥2,189",含まれます,JAP
233030,UFC® 4,2024-03-11T11:13:46.929406,PS4,その他,エレクトロニック・アーツ（株）,2020/8/13,"イタリア語, スペイン語, スペイン語(メキシコ), ドイツ語, フランス語 (フランス), ポルトガル語 (ブラジル), ポーランド語, ロシア語, 中国語 (簡体字), 中国語 (繁体字), 日本語, 英語, 韓国語",3.72,"23,755件の評価",54％,12％,7％,4％,23％,"¥8,700",含まれます,"¥8,700",含まれます,JAP
235179,アバター：フロンティア・オブ・パンドラ,2024-03-11T11:13:49.990851,PS5,その他,ユービーアイソフト(株),2023/12/6,"中国語 (簡体字), 中国語 (繁体字), 日本語, 英語, 韓国語",3.97,"5,302件の評価",57％,15％,9％,6％,13％,"¥9,790","¥9,790","¥9,790","¥9,790",JAP
234363,Sniper Elite 5 PS4™ & PS5™,2024-03-11T11:13:53.250083,"PS4, PS5","格闘, アクション",REBELLION INTERACTIVE,2022/5/25,No hay información,4.28,"5,576件の評価",63％,18％,9％,4％,6％,"¥8,470",含まれます,"¥8,470",含まれます,JAP
231761,ディアブロ IV - スタンダードエディション,2024-03-11T11:13:56.522039,"PS4, PS5",その他,BLIZZARD ENTERTAINMENT INC,2023/6/5,No hay información,4.15,"7,176件の評価",69％,9％,6％,2％,15％,"¥9,800","¥9,800","¥9,800","¥9,800",JAP
235227,Ghost of Tsushima DIRECTOR’S CUT,2024-03-11T11:14:00.152355,"PS4, PS5",RPG,ソニー・インタラクティブエンタテインメント,2021/8/19,"日本語, 英語",4.55,"146,735件の評価",83％,6％,3％,1％,8％,"¥8,690","¥8,690","¥8,690","¥8,690",JAP
228868,No hay información,2024-03-11T11:14:04.052106,No hay información,No hay información,No hay información,No hay información,No hay información,No hay información,No hay información,No hay información,No hay información,No hay información,No hay información,No hay información,No hay información,No hay información,No hay información,No hay información,JAP
10006052,Lies of P,2024-03-11T11:14:07.406257,"PS4, PS5","アクション, RPG",NEOWIZ,2023/9/15,"イタリア語, スペイン語, ドイツ語, フランス語 (フランス), ポルトガル語 (ブラジル), ポーランド語, ロシア語, 中国語 (簡体字), 中国語 (繁体字), 日本語, 英語, 韓国語",4.71,"11,559件の評価",84％,10％,2％,1％,3％,"¥9,680","¥7,260","¥9,680","¥7,260",JAP
232581,ウォッチドッグス レギオン PS4 & PS5,2024-03-11T11:14:11.288843,"PS4, PS5","アクション, アドベンチャー, その他",ユービーアイソフト(株),2020/11/11,"中国語 (簡体字), 中国語 (繁体字), 日本語, 英語, 韓国語",4.15,"25,269件の評価",66％,12％,7％,4％,12％,"¥9,240",含まれます,"¥9,240",含まれます,JAP
234902,アセットコルサ コンペティツィオーネ,2024-03-11T11:14:14.357597,"PS4, PS5",ドライビング／レース,株式会社オーイズミ・アミュージオ,2022/2/23,No hay información,3.89,"5,670件の評価",57％,14％,7％,4％,18％,"¥6,480",含まれます,"¥6,480",含まれます,JAP
212581,World of Tanks,2024-03-11T11:14:17.985892,PS5,"アクション, アクション, シューティング",Wargaming Group Ltd,2021/10/26,"スペイン語, ドイツ語, フランス語 (フランス), ポーランド語, ロシア語, 日本語, 英語",4.1,"278,981件の評価",61％,13％,12％,2％,12％,無料,無料,無料,無料,JAP
204861,The Elder Scrolls Online,2024-03-11T11:14:21.456858,"PS4, PS5","RPG, RPG",ベセスダ・ソフトワークス／ゼニマックス・アジア(株),2023/11/14,No hay información,4.35,"71,641件の評価",70％,14％,6％,2％,8％,"¥2,640","¥2,640","¥2,640","¥2,640",JAP
221850,No hay información,2024-03-11T11:14:24.942234,No hay información,No hay información,No hay información,No hay información,No hay información,No hay información,No hay información,No hay información,No hay información,No hay información,No hay información,No hay información,No hay información,No hay información,No hay información,No hay información,JAP
232345,STAR WARS ジェダイ：フォールン・オーダー™,2024-03-11T11:14:28.306178,"PS4, PS5","アクション, アドベンチャー, その他",エレクトロニック・アーツ（株）,2021/6/11,"スペイン語, スペイン語(メキシコ), フランス語 (フランス), ポルトガル語 (ブラジル), 中国語 (簡体字), 中国語 (繁体字), 日本語, 英語, 韓国語",4.3,"41,536件の評価",67％,16％,6％,3％,8％,"¥5,600",含まれます,"¥5,600",含まれます,JAP
201129,ダイイングライト：ザ・フォロイング エンハンスト・エディション,2024-03-11T11:14:32.517631,PS4,"アクション, ホラー, シューティング",TECHLAND,2016/4/20,No hay información,4.63,"84,416件の評価",79％,13％,3％,1％,4％,"¥3,630","¥3,630","¥3,630","¥3,630",JAP
229500,BIOHAZARD RE:2,2024-03-11T11:14:35.912141,"PS4, PS5","アクション, アドベンチャー, ホラー",(株)カプコン,2022/6/13,"アラビア語, イタリア語, スペイン語, スペイン語(メキシコ), タイ語, ドイツ語, フランス語 (フランス), ポルトガル語 (ブラジル), ポーランド語, ロシア語, 日本語, 英語",4.8,"68,501件の評価",88％,7％,2％,1％,2％,"¥3,990",¥997,"¥3,990",含まれます,JAP
10010334,Balatro,2024-03-11T11:14:38.918201,"PS4, PS5",ストラテジー,PlayStack,2024/2/20,英語,4.87,425件の評価,95％,2％,1％,0％,2％,"¥1,650","¥1,650","¥1,650","¥1,650",JAP
10006239,Madden NFL 24,2024-03-11T11:14:42.360573,"PS4, PS5",スポーツ,エレクトロニック・アーツ（株）,2023/8/18,英語,3.17,"8,803件の評価",36％,13％,12％,8％,31％,"¥9,700",含まれます,"¥9,700",含まれます,JAP
10002958,No hay información,2024-03-11T11:14:45.423546,No hay información,No hay información,No hay información,No hay información,No hay información,No hay información,No hay información,No hay información,No hay información,No hay información,No hay información,No hay información,No hay información,No hay información,No hay información,No hay información,JAP
10000669,ラチェット＆クランク パラレル・トラブル,2024-03-11T11:14:48.226258,PS5,アクション,ソニー・インタラクティブエンタテインメント,2021/6/10,"日本語, 英語",4.76,"12,944件の評価",83％,13％,3％,1％,1％,"¥8,690","¥4,345","¥8,690",含まれます,JAP
10002065,Alan Wake 2,2024-03-11T11:14:57.617602,PS5,ホラー,Epic Games,2023/10/27,"イタリア語, ウクライナ語, スペイン語, スペイン語(メキシコ), ドイツ語, フランス語 (フランス), ポルトガル語 (ブラジル), ポーランド語, ロシア語, 中国語 (簡体字), 中国語 (繁体字), 日本語, 英語, 韓国語",4.78,"17,961件の評価",89％,5％,2％,1％,2％,"¥6,600","¥6,600","¥6,600","¥6,600",JAP
10002848,Lords of the Fallen Deluxe Edition,2024-03-11T11:15:00.980926,PS5,"RPG, アクション",CI GAMES,2023/10/12,"イタリア語, ウクライナ語, スペイン語, ドイツ語, フランス語 (フランス), ポルトガル語 (ブラジル), ポーランド語, 中国語 (簡体字), 中国語 (繁体字), 日本語, 英語, 韓国語",3.67,"8,559件の評価",45％,19％,11％,7％,18％,"¥9,900","¥9,900","¥9,900","¥9,900",JAP
231121,Overcooked® 2 - オーバークック２,2024-03-11T11:15:04.077885,PS4,"アクション, カジュアル, ファミリー",Team17 Digital Ltd,2018/9/26,"イタリア語, スペイン語, ドイツ語, フランス語 (フランス), 中国語 (簡体字), 日本語, 英語, 韓国語",4.5,"9,347件の評価",76％,12％,5％,1％,6％,"¥2,801",含まれます,"¥2,801",含まれます,JAP
232492,Beat Saber,2024-03-11T11:15:08.506994,"PS4, PS5","ファミリー, リズムアクション, パーティー",Beat Games,2023/5/25,"スペイン語, ドイツ語, フランス語 (フランス), 日本語, 英語, 韓国語",4.7,"24,037件の評価",85％,8％,3％,1％,4％,"¥3,278","¥3,278","¥3,278","¥3,278",JAP
